Overall rank,Score,GDP per capita,Social support,Healthy life expectancy,Freedom to make life choices,Generosity,Perceptions of corruption,Economic_Health_Index,Social_Economic_Index,Freedom_Trust_Index,Region_Central and Eastern Europe,Region_East Asia,Region_Latin America and Caribbean,Region_Middle East and Northern Africa,Region_North America,Region_Southeastern Asia,Region_Southern Asia,Region_Sub-Saharan Africa,Region_Western Europe
-1.720999891417666,1.937360050111343,1.3696212439986157,1.3202814206412972,1.2634080915382662,1.57743783879044,0.47103970566190323,2.309651591604854,1.3907526088574766,1.4821473506072314,2.1963242874693205,-0.4741373235154427,-0.19867985355975656,-0.4021998332699218,-0.38069349381344053,-0.11322770341445956,-0.24576957615571213,-0.2153081881723028,-0.5822225097395821,2.554174920362645
-1.6990745581775442,1.914580626315312,1.1352262511271294,1.514457758194011,1.2894338311493252,1.3324558930104324,1.575856367589956,-0.01647953074480927,1.2490531175789428,1.4145173336089454,0.8479708160192917,-0.4741373235154427,-0.19867985355975656,-0.4021998332699218,-0.38069349381344053,-0.11322770341445956,-0.24576957615571213,-0.2153081881723028,-0.5822225097395821,2.554174920362645
-1.6771492249374222,1.884792149043579,1.192860692521159,1.3610540317321267,0.9922288171821627,1.46965909688342,0.8242927968933429,2.8427738001152014,1.1682756905616507,1.3843635112241288,2.39999142560603,-0.4741373235154427,-0.19867985355975656,-0.4021998332699218,-0.38069349381344053,-0.11322770341445956,-0.24576957615571213,-0.2153081881723028,-0.5822225097395821,2.554174920362645
-1.6552238916973006,1.8804114906212654,1.5251297173454594,1.25192192092623,1.0351448963847982,1.605131450052528,0.8686375023606385,1.8520807981271692,1.4008740010916587,1.5537891795615302,1.9798637723782253,-0.4741373235154427,-0.19867985355975656,-0.4021998332699218,-0.38069349381344053,-0.11322770341445956,-0.24576957615571213,-0.2153081881723028,-0.5822225097395821,2.554174920362645
-1.6332985584571786,1.7971789805973046,1.1948764048497065,1.2212043440068514,1.1180537267838346,1.360415788996194,1.7485631579902627,1.555725358187101,1.2196090674431432,1.3237623192382035,1.67085451363383,-0.4741373235154427,-0.19867985355975656,-0.4021998332699218,-0.38069349381344053,8.831760866327846,-0.24576957615571213,-0.2153081881723028,-0.5822225097395821,-0.3915158637052229
-1.6113732252170567,1.7787802152235872,1.1051896488980304,1.2051825862611323,1.0509795897519008,1.4184658587571086,-0.029976279144489183,2.2590053996692414,1.134763712446563,1.2578935855376772,2.068219369069886,-0.4741373235154427,-0.19867985355975656,-0.4021998332699218,-0.38069349381344053,-0.11322770341445956,-0.24576957615571213,-0.2153081881723028,-0.5822225097395821,2.554174920362645
-1.5894478919769348,1.7542485280586309,1.202715286127392,1.064890919011837,1.0661240528953095,1.245846786635489,1.8910205243039502,1.4601996199323077,1.2040476286652315,1.2596874851928044,1.54831193304065,-0.4741373235154427,-0.19867985355975656,-0.4021998332699218,-0.38069349381344053,-0.11322770341445956,-0.24576957615571213,-0.2153081881723028,-0.5822225097395821,2.554174920362645
-1.5675225587368131,1.7419826844761521,1.2083642577148033,1.0976710670433076,1.1393290583847622,1.539026267400477,0.9924067427988226,2.4656017469709473,1.2368170484983851,1.2779037207816843,2.251477006179031,-0.4741373235154427,-0.19867985355975656,-0.4021998332699218,-0.38069349381344053,-0.11322770341445956,-0.24576957615571213,-0.2153081881723028,-0.5822225097395821,2.554174920362645
-1.5455972254966912,1.6736444130880581,1.0054741019783955,1.2103758456683649,1.1291786139186708,1.4030879159649394,1.882389144132637,2.3885459896035637,1.1011710214747437,1.1948461667493053,2.1246557041964236,-0.4741373235154427,-0.19867985355975656,-0.4021998332699218,-0.38069349381344053,-0.11322770341445956,-0.24576957615571213,-0.2153081881723028,-0.5822225097395821,-0.3915158637052229
-1.5236718922565693,1.671892149719133,1.2130178158066356,1.1719236270786395,1.2233341367861368,1.4820413365342577,1.5704716533546415,1.7797052169122514,1.2732346894558217,1.3138306384202727,1.863696486655291,-0.4741373235154427,-0.19867985355975656,-0.4021998332699218,-0.38069349381344053,-0.11322770341445956,-0.24576957615571213,-0.2153081881723028,-0.5822225097395821,-0.3915158637052229
-1.5017465590164474,1.6666353596123562,0.9516968878797348,0.8577498487545413,1.151509591744072,-0.10268562523016782,0.747718992988209,-0.5480138223462844,1.075165339035723,1.0034696899046232,-0.34656262148084804,-0.4741373235154427,-0.19867985355975656,-0.4021998332699218,2.6267851073127395,-0.11322770341445956,-0.24576957615571213,-0.2153081881723028,-0.5822225097395821,-0.3915158637052229
-1.4798212257763257,1.6210765120202941,0.27284976923218485,0.9091299684218475,0.9338840623910681,1.3656749122887537,0.1399589671641116,-0.3141721638712958,0.5482879528611854,0.5813487928745639,0.7169135798611523,-0.4741373235154427,-0.19867985355975656,2.486326242032244,-0.38069349381344053,-0.11322770341445956,-0.24576957615571213,-0.2153081881723028,-0.5822225097395821,-0.3915158637052229
-1.4578958925362038,1.598297088224263,1.2221009639537945,1.127025873763625,1.056298422652133,1.3028982886826272,0.7410672871681145,0.36219686473416635,1.2127161894782377,1.2999034538250143,1.0228421592051602,-0.4741373235154427,-0.19867985355975656,-0.4021998332699218,-0.38069349381344053,-0.11322770341445956,-0.24576957615571213,-0.2153081881723028,-0.5822225097395821,2.554174920362645
-1.4359705592960819,1.5869073763262476,0.43400721416643967,-0.2818943539305993,0.7478061144386772,0.35412581823244466,-0.7645938373946713,0.5824994421966645,0.5788458404198853,0.15960298395421257,0.5258258826093573,-0.4741373235154427,-0.19867985355975656,2.486326242032244,-0.38069349381344053,-0.11322770341445956,-0.24576957615571213,-0.2153081881723028,-0.5822225097395821,-0.3915158637052229
-1.41404522605596,1.5273304217827808,1.3646441765207202,0.9431255601443724,0.9400555326264517,0.7817125132718438,1.2967222840681394,0.12935810114899188,1.2589646563856205,1.3118899651569986,0.5686558837175182,-0.4741373235154427,-0.19867985355975656,-0.4021998332699218,-0.38069349381344053,8.831760866327846,-0.24576957615571213,-0.2153081881723028,-0.5822225097395821,-0.3915158637052229
-1.3921198928158383,1.408176512695848,0.33620783822579403,0.8906773232940187,0.2710600387552862,0.41190960326968534,-0.7250003503703002,0.26566823158955877,0.32585946227939777,0.6146990182812424,0.4007588563964151,-0.4741373235154427,-0.19867985355975656,2.486326242032244,-0.38069349381344053,-0.11322770341445956,-0.24576957615571213,-0.2153081881723028,-0.5822225097395821,-0.3915158637052229
-1.3701945595757163,1.3757596403707268,1.786201791898465,0.8419122491438307,1.1720946931213059,1.2463127849019184,0.34085632032577085,1.9603098716529408,1.624674610237888,1.5433356370257445,1.8046501314812022,-0.4741373235154427,-0.19867985355975656,-0.4021998332699218,-0.38069349381344053,-0.11322770341445956,-0.24576957615571213,-0.2153081881723028,-0.5822225097395821,2.554174920362645
-1.3482692263355944,1.370502850263951,1.2189405261053312,1.393834179763598,1.0762338955835367,1.259227594000104,1.7556899856546493,1.2001991197480013,1.218592085448321,1.41596876151173,1.423801140608334,-0.4741373235154427,-0.19867985355975656,-0.4021998332699218,-0.38069349381344053,-0.11322770341445956,-0.24576957615571213,-0.2153081881723028,-0.5822225097395821,2.554174920362645
-1.3263438930954727,1.3678744552105626,1.148913186691342,1.0851114822357442,1.081674533817362,1.0377452750843197,-0.11716113757215438,0.6851290192543077,1.175329994240019,1.2333823929771697,1.0177504807517423,-0.4741373235154427,-0.19867985355975656,-0.4021998332699218,-0.38069349381344053,-0.11322770341445956,-0.24576957615571213,-0.2153081881723028,-0.5822225097395821,2.554174920362645
-1.3044185598553508,1.3363337145699035,1.446168541808648,0.49613693485231436,0.7267337917270709,1.4176670045860869,0.213682040003491,2.0259159123616137,1.2270346502624785,1.1673995020258632,1.948372382952045,-0.4741373235154427,-0.19867985355975656,-0.4021998332699218,2.6267851073127395,-0.11322770341445956,-0.24576957615571213,-0.2153081881723028,-0.5822225097395821,-0.3915158637052229
-1.282493226615229,1.3065452372981705,1.045763463211959,1.0844485129497143,1.1334824023722934,1.1159664126635336,2.23168288666164,1.4813439871925553,1.129016957047251,1.1654914451199552,1.475659243848185,-0.4741373235154427,-0.19867985355975656,-0.4021998332699218,-0.38069349381344053,-0.11322770341445956,-0.24576957615571213,-0.2153081881723028,-0.5822225097395821,2.554174920362645
-1.260567893375107,1.294279393715692,1.2790386159009186,0.33433559743405356,0.5379761264356312,1.3588846518350686,-0.17322551519866394,1.519537567579642,1.043574326910855,0.9862319450367221,1.6513435440980444,-0.4741373235154427,-0.19867985355975656,-0.4021998332699218,2.6267851073127395,-0.11322770341445956,-0.24576957615571213,-0.2153081881723028,-0.5822225097395821,-0.3915158637052229
-1.2386425601349853,1.256605731283794,0.49298546377950087,0.9757215500408353,0.3664742167365476,0.0030959812492976067,-1.4165401947379668,-0.27355492083382454,0.4654927044255961,0.7550961285629532,-0.13806052817408632,-0.4741373235154427,-0.19867985355975656,2.486326242032244,-0.38069349381344053,-0.11322770341445956,-0.24576957615571213,-0.2153081881723028,-0.5822225097395821,-0.3915158637052229
-1.2167172268948634,1.2460921510702416,1.6815589481757132,0.10664247930983597,1.6037321935973856,0.7582794575885389,0.5840395176294585,2.9140629118661536,1.728406773709734,1.1491995746156654,1.9792647513837045,-0.4741373235154427,-0.19867985355975656,-0.4021998332699218,-0.38069349381344053,-0.11322770341445956,4.068851871911234,-0.2153081881723028,-0.5822225097395821,-0.3915158637052229
-1.1947918936547415,1.2355785708566882,0.5409892796038026,0.764087021289338,0.6754131445065117,0.7554834679899629,0.055783213750298766,-0.42390557973178894,0.6194605499273806,0.6928478105300472,0.2685463654631311,-0.4741373235154427,-0.19867985355975656,2.486326242032244,-0.38069349381344053,-0.11322770341445956,-0.24576957615571213,-0.2153081881723028,-0.5822225097395821,-0.3915158637052229
-1.1728665604146196,1.20403783021603,1.1989327148441915,1.13560764285501,1.0621450786646016,1.23925623972456,0.3551099756545446,0.6268775410709386,1.2000119858286362,1.2885203451042995,1.117444689125384,-0.4741373235154427,-0.19867985355975656,-0.4021998332699218,-0.38069349381344053,-0.11322770341445956,-0.24576957615571213,-0.2153081881723028,-0.5822225097395821,2.554174920362645
-1.1509412271744979,1.1339472954590106,0.6495391212967023,0.491422486596103,0.9269817601541261,0.08457910669351741,0.7628437050315185,-0.12312068736170895,0.7898938182024741,0.6432546391551281,-0.008671993357823413,-0.4741373235154427,-0.19867985355975656,2.486326242032244,-0.38069349381344053,-0.11322770341445956,-0.24576957615571213,-0.2153081881723028,-0.5822225097395821,-0.3915158637052229
-1.129015893934376,1.082255526075709,2.101026195212742,0.3224758135395213,0.6783364725127459,1.4098781764186246,0.7002859955330124,3.1646194851713774,1.632584470197615,1.519656161578069,2.5263420682357998,-0.4741373235154427,-0.19867985355975656,-0.4021998332699218,2.6267851073127395,-0.11322770341445956,-0.24576957615571213,-0.2153081881723028,-0.5822225097395821,-0.3915158637052229
-1.107090560694254,1.0507147854350507,1.0741576331733522,0.9920011291755662,1.28111046668713,0.8088069839056654,-0.9025375461875804,0.5268387758119817,1.2061300203689147,1.143165548502966,0.7895662690536173,-0.4741373235154427,-0.19867985355975656,-0.4021998332699218,-0.38069349381344053,-0.11322770341445956,-0.24576957615571213,-0.2153081881723028,-0.5822225097395821,2.554174920362645
-1.0851652274541321,1.0498386537505875,0.516054171539546,0.9472507023685576,0.6373286768697358,0.14063204102687776,-0.9723012703245224,-0.4895951950146128,0.5881439615154005,0.7576075880801301,-0.1602670921852109,-0.4741373235154427,-0.19867985355975656,2.486326242032244,-0.38069349381344053,-0.11322770341445956,-0.24576957615571213,-0.2153081881723028,-0.5822225097395821,-0.3915158637052229
-1.0632398942140104,0.9893855675226586,0.828290499765317,0.7932945015016486,0.8711949173684863,0.23316598250356566,-1.0328793054718102,-0.9770021114642673,0.8836660151536028,0.894058119120561,-0.3503278963035437,2.109093611499728,-0.19867985355975656,-0.4021998332699218,-0.38069349381344053,-0.11322770341445956,-0.24576957615571213,-0.2153081881723028,-0.5822225097395821,-0.3915158637052229
-1.0413145609738885,0.9718629338334042,0.5363357215119702,0.8023919133710576,0.7362752095251968,1.1650293730004544,-0.038766033263899574,0.8537825098913795,0.6406396035338329,0.7067586869466226,1.185904231356211,-0.4741373235154427,-0.19867985355975656,2.486326242032244,-0.38069349381344053,-0.11322770341445956,-0.24576957615571213,-0.2153081881723028,-0.5822225097395821,-0.3915158637052229
-1.0193892277337666,0.9648538803577023,0.18035097015549809,0.9176012426322274,0.24568392759005728,0.7059545093866135,-0.42195180068576343,-0.7707400624591667,0.21466943084552392,0.5244821738070393,0.05914574066458956,-0.4741373235154427,-0.19867985355975656,2.486326242032244,-0.38069349381344053,-0.11322770341445956,-0.24576957615571213,-0.2153081881723028,-0.5822225097395821,-0.3915158637052229
-0.9974638944936448,0.9455789832995217,0.3005222644092836,1.0091646673583359,0.43947621333667847,0.8522779650454333,2.684474004272348,-0.9322897142933885,0.3696704009134768,0.6437765008729823,0.07048435234656995,-0.4741373235154427,-0.19867985355975656,-0.4021998332699218,-0.38069349381344053,-0.11322770341445956,4.068851871911234,-0.2153081881723028,-0.5822225097395821,-0.3915158637052229
-0.975538561253523,0.9070291891831608,1.3668838568857735,0.34210707073140245,0.3653779687342093,-0.7864382244438799,-0.7937346438446087,1.519537567579642,1.0319355329701145,1.047240841489722,0.2724827891414033,-0.4741373235154427,-0.19867985355975656,-0.4021998332699218,2.6267851073127395,-0.11322770341445956,-0.24576957615571213,-0.2153081881723028,-0.5822225097395821,-0.3915158637052229
-0.9536132280134011,0.8351863910572163,0.9555292298377145,1.1887188489913936,1.3210220143278022,0.2056720847842331,-0.43573033417024476,-0.6639317566939645,1.145046530394208,1.152526443066992,-0.20771811239395246,-0.4741373235154427,-0.19867985355975656,-0.4021998332699218,-0.38069349381344053,-0.11322770341445956,-0.24576957615571213,-0.2153081881723028,-0.5822225097395821,2.554174920362645
-0.9316878947732793,0.8115308355767221,0.8990146286262116,1.1454048556374499,1.0432652519576715,1.1652290865432096,2.2190129708138406,-0.06319771769531615,0.9979554202859824,1.0963121511467862,0.7165712821499983,-0.4741373235154427,-0.19867985355975656,-0.4021998332699218,-0.38069349381344053,-0.11322770341445956,-0.24576957615571213,-0.2153081881723028,-0.5822225097395821,2.554174920362645
-0.9097625615331574,0.8080263088388715,1.1070062785274626,0.31352572817811997,0.9949085345212109,-0.2078015199004485,0.13037734330421388,-0.51926416883828,1.1136492291254965,0.8642793848454537,-0.3994048306402679,-0.4741373235154427,5.033222956847166,-0.4021998332699218,-0.38069349381344053,-0.11322770341445956,-0.24576957615571213,-0.2153081881723028,-0.5822225097395821,-0.3915158637052229
-0.8878372282930356,0.8053979137854832,1.7620878999680616,0.6441632437719568,0.3843389989968687,0.8412937201938838,-0.5940250952936804,0.9416193873242648,1.2958342893407553,1.439974400533065,1.0227993719912658,-0.4741373235154427,-0.19867985355975656,-0.4021998332699218,2.6267851073127395,-0.11322770341445956,-0.24576957615571213,-0.2153081881723028,-0.5822225097395821,-0.3915158637052229
-0.8659118950529137,0.7826184899894522,0.37129616394495696,-0.07014933029809761,-0.08956495223601643,1.1180966904529257,-0.53360543409449,-0.05926971271021092,0.20524216917923715,0.21226209292153098,0.6882889337658885,-0.4741373235154427,-0.19867985355975656,2.486326242032244,-0.38069349381344053,-0.11322770341445956,-0.24576957615571213,-0.2153081881723028,-0.5822225097395821,-0.3915158637052229
-0.8439865618127919,0.6941291898587154,0.91003883308975,0.7089869072948659,-0.06264597351194139,0.8669236248474989,0.6425586914514791,-1.1033668675808446,0.5654152210596959,0.9103010650888015,-0.0076878874382554805,-0.4741373235154427,-0.19867985355975656,2.486326242032244,-0.38069349381344053,-0.11322770341445956,-0.24576957615571213,-0.2153081881723028,-0.5822225097395821,-0.3915158637052229
-0.8220612285726699,0.6608361858491311,-0.20305742300417803,0.12531611419967362,0.1912775452518064,-0.16719309954017514,-1.0324041836275177,-0.21446769690894354,-0.05567021149232309,-0.0775831668109392,-0.21725966109237377,-0.4741373235154427,-0.19867985355975656,2.486326242032244,-0.38069349381344053,-0.11322770341445956,-0.24576957615571213,-0.2153081881723028,-0.5822225097395821,-0.3915158637052229
-0.8001358953325481,0.6547032640578921,-0.2503644493815742,0.19341779252573008,0.05680445696502465,0.9900137383657691,0.29769941946920664,-0.4070235157532516,-0.13982143592100862,-0.07843119210245353,0.4279287372192748,-0.4741373235154427,-0.19867985355975656,2.486326242032244,-0.38069349381344053,-0.11322770341445956,-0.24576957615571213,-0.2153081881723028,-0.5822225097395821,-0.3915158637052229
-0.7782105620924262,0.5495674619223633,-0.5317927299191726,1.2868383033237967,-0.13211561543787217,1.528441449634438,-0.07067838380554277,1.3776279406709464,-0.39748915975194615,0.22128051573321444,1.6876698886942767,2.109093611499728,-0.19867985355975656,-0.4021998332699218,-0.38069349381344053,-0.11322770341445956,-0.24576957615571213,-0.2153081881723028,-0.5822225097395821,-0.3915158637052229
-0.7562852288523044,0.5425584084466614,0.8032309650141134,1.027396322724154,0.6445963951074577,-0.739638684258188,-0.5413657575512669,-0.9118975182005017,0.7773187551236427,0.9812905668957809,-0.9422462133168301,2.109093611499728,-0.19867985355975656,-0.4021998332699218,-0.38069349381344053,-0.11322770341445956,-0.24576957615571213,-0.2153081881723028,-0.5822225097395821,-0.3915158637052229
-0.7343598956121825,0.5355493549709595,1.0566383556511605,0.9799940187730272,1.4651177239684388,0.44958889166954524,-1.031374752964884,0.31071492705704234,1.267923783482862,1.1263681244595043,0.4480387277495799,-0.4741373235154427,5.033222956847166,-0.4021998332699218,-0.38069349381344053,-0.11322770341445956,-0.24576957615571213,-0.2153081881723028,-0.5822225097395821,-0.3915158637052229
-0.7124345623720607,0.5329209599175712,0.9916129690524564,-0.12267123040245428,1.3606493495234238,-0.6426444736599622,-0.4095986327341596,-0.5419964530073997,1.1842084084805287,0.5955206001500671,-0.6905290339768589,-0.4741373235154427,5.033222956847166,-0.4021998332699218,-0.38069349381344053,-0.11322770341445956,-0.24576957615571213,-0.2153081881723028,-0.5822225097395821,-0.3915158637052229
-0.6905092291319389,0.5250357747574061,0.0445019133463417,0.029406557487369894,0.6516205026779927,0.38028829233340733,-0.9651744426601356,0.31322216428157756,0.28794056218674857,0.04218409743681062,0.4047808545024764,-0.4741373235154427,-0.19867985355975656,2.486326242032244,-0.38069349381344053,-0.11322770341445956,-0.24576957615571213,-0.2153081881723028,-0.5822225097395821,-0.3915158637052229
-0.668583895891817,0.5118937994904653,1.188580414490169,0.8294263275902704,0.47463735296721976,0.17511591274265073,-0.5042270667224068,1.3587400869127808,0.9597136687664048,1.146166253380633,0.8081787070976236,-0.4741373235154427,-0.19867985355975656,-0.4021998332699218,2.6267851073127395,-0.11322770341445956,-0.24576957615571213,-0.2153081881723028,-0.5822225097395821,-0.3915158637052229
-0.6466585626516952,0.5013802192769129,1.0078630943677849,0.7613983125182178,1.3163122080955354,-1.1067787470236075,-0.07178700144222516,-0.9561920425006246,1.1771218196594675,0.9976150537574361,-1.200894921307673,-0.4741373235154427,-0.19867985355975656,-0.4021998332699218,-0.38069349381344053,-0.11322770341445956,-0.24576957615571213,-0.2153081881723028,-0.5822225097395821,2.554174920362645
-0.6247332294115733,0.45056458157807333,-0.4101283154220183,-0.04654025739003807,-0.3697172195001446,0.9687775316527737,-0.25288761109169877,-0.46318562958284143,-0.41303445595851135,-0.2893774833667027,0.3855266082500561,-0.4741373235154427,-0.19867985355975656,2.486326242032244,-0.38069349381344053,-0.11322770341445956,-0.24576957615571213,-0.2153081881723028,-0.5822225097395821,-0.3915158637052229
-0.6028078961714515,0.44968844989361106,-0.6262574706496282,0.08925795136505564,-0.04871956370446352,-0.6686072342181694,-0.22002501686147063,-1.0636689448590362,-0.4256095190373423,-0.370885760424199,-0.974293836523636,2.109093611499728,-0.19867985355975656,-0.4021998332699218,-0.38069349381344053,-0.11322770341445956,-0.24576957615571213,-0.2153081881723028,-0.5822225097395821,-0.3915158637052229
-0.5808825629313296,0.4400510013645208,-0.2147286462398428,1.1554967214359027,0.12473123133210977,0.7347798307243151,0.8322906812722655,-0.5098202419591973,-0.08969875189049477,0.3709080551494873,0.2112542860587078,-0.4741373235154427,-0.19867985355975656,2.486326242032244,-0.38069349381344053,-0.11322770341445956,-0.24576957615571213,-0.2153081881723028,-0.5822225097395821,-0.3915158637052229
-0.5589572296912078,0.41989997262187806,0.6878376555391078,0.48383517143376187,0.05449015562675592,0.5849946736577345,-0.9425269680821953,-0.492102432239148,0.4678495198421678,0.6649934413395302,0.12405394414219185,2.109093611499728,-0.19867985355975656,-0.4021998332699218,-0.38069349381344053,-0.11322770341445956,-0.24576957615571213,-0.2153081881723028,-0.5822225097395821,-0.3915158637052229
-0.5370318964510858,0.4137670508306384,0.8432217021990034,1.0416133307467919,0.9870723913933882,1.1978489651932651,0.1265763685498744,-0.8821449698026833,0.9394224565840033,1.013792767010945,0.3182651080082689,2.109093611499728,-0.19867985355975656,-0.4021998332699218,-0.38069349381344053,-0.11322770341445956,-0.24576957615571213,-0.2153081881723028,-0.5822225097395821,-0.3915158637052229
-0.515106563210964,0.4006250755636976,0.7492795535537269,0.9812094624640815,0.41016172971860587,-1.4325781064386502,-1.669938511693942,-1.1124764961633224,0.6491144534906826,0.9254839794426492,-1.4903076360884935,2.109093611499728,-0.19867985355975656,-0.4021998332699218,-0.38069349381344053,-0.11322770341445956,-0.24576957615571213,-0.2153081881723028,-0.5822225097395821,-0.3915158637052229
-0.4931812299708422,0.396244417141384,-0.6293183671485337,0.5553990226979735,0.4583154382657444,0.8396960118518402,0.3235143730090965,0.4157681667650697,-0.2260066243393379,-0.166495356990505,0.7525553290350764,-0.4741373235154427,-0.19867985355975656,2.486326242032244,-0.38069349381344053,-0.11322770341445956,-0.24576957615571213,-0.2153081881723028,-0.5822225097395821,-0.3915158637052229
-0.4712558967307203,0.39273989040353263,0.13451217868408102,-0.06060993890466961,0.40565493237566097,-0.09090252620759683,-0.6926920649584133,-0.6981137575217953,0.24853654553023183,0.06131359103193736,-0.41583512077566614,-0.4741373235154427,-0.19867985355975656,2.486326242032244,-0.38069349381344053,-0.11322770341445956,-0.24576957615571213,-0.2153081881723028,-0.5822225097395821,-0.3915158637052229
-0.44933056349059847,0.38310244187444237,0.4623267281156646,0.8907509865480225,0.4296505830935014,-0.32776278791555,-1.004371994814263,0.3967967384327527,0.4707228975418231,0.6973814842039128,-0.007516738582678243,2.109093611499728,-0.19867985355975656,-0.4021998332699218,-0.38069349381344053,-0.11322770341445956,-0.24576957615571213,-0.2153081881723028,-0.5822225097395821,-0.3915158637052229
-0.4274052302504766,0.36382754481626267,0.6953281420933404,1.0623495367487226,0.6040352190209554,0.6830540231506562,-0.5519768120737985,-0.8466257757884339,0.691198136990699,0.9260547656965533,0.005576148868967659,2.109093611499728,-0.19867985355975656,-0.4021998332699218,-0.38069349381344053,-0.11322770341445956,-0.24576957615571213,-0.2153081881723028,-0.5822225097395821,-0.3915158637052229
-0.40547989701035475,0.3454287794425444,0.6936110538134663,0.291647741739138,0.3803600247661609,0.6765300474206453,0.7400378565054808,-0.3210252789516921,0.6011548740205841,0.5836808624262291,0.27047179008837335,-0.4741373235154427,-0.19867985355975656,-0.4021998332699218,-0.38069349381344053,-0.11322770341445956,4.068851871911234,-0.2153081881723028,-0.5822225097395821,-0.3915158637052229
-0.3835545637702329,0.335791330913455,0.5882963059811988,-0.7175020064791473,0.640658022654614,-1.1302783738878308,-1.4479774234353175,-0.9955556669258282,0.6363295369843488,0.06783686250512637,-1.2361515855565488,2.109093611499728,-0.19867985355975656,-0.4021998332699218,-0.38069349381344053,-0.11322770341445956,-0.24576957615571213,-0.2153081881723028,-0.5822225097395821,-0.3915158637052229
-0.36162923053011103,0.3314106724911406,0.710010491153132,0.46987598480013565,0.2985880441473267,-0.07945228308961821,-0.43034561993493015,-0.27739935124477866,0.5792816898462375,0.6733432288252118,-0.19308488524211334,-0.4741373235154427,-0.19867985355975656,-0.4021998332699218,2.6267851073127395,-0.11322770341445956,-0.24576957615571213,-0.2153081881723028,-0.5822225097395821,-0.3915158637052229
-0.3397038972899892,0.298117668481557,0.7254145149972182,0.9028317602045645,0.158349503403805,-0.41157590469191674,-1.8633131023209708,-0.9475002867889025,0.5335175000792465,0.8751406318483128,-0.7496181763648411,2.109093611499728,-0.19867985355975656,-0.4021998332699218,-0.38069349381344053,-0.11322770341445956,-0.24576957615571213,-0.2153081881723028,-0.5822225097395821,-0.3915158637052229
-0.3177785640498673,0.2919847466903173,-0.08898303641081433,0.5892104562854906,0.23204173022763006,0.5046432582891285,-0.19793185110187164,-1.0065039361396322,0.0345344771912553,0.20257503478384487,-0.1909455245474002,-0.4741373235154427,-0.19867985355975656,2.486326242032244,-0.38069349381344053,-0.11322770341445956,-0.24576957615571213,-0.2153081881723028,-0.5822225097395821,-0.3915158637052229
-0.29585323080974546,0.27971890310783953,0.9006570608939168,0.29109526733411284,1.1908527144946435,0.4104450372894788,0.19317261372486647,-0.005196963234400451,1.0576990768389387,0.7191202863883148,0.26114417745942287,-0.4741373235154427,-0.19867985355975656,-0.4021998332699218,-0.38069349381344053,-0.11322770341445956,-0.24576957615571213,-0.2153081881723028,-0.5822225097395821,2.554174920362645
-0.2739278975696236,0.27446211300106294,0.9008312582556433,-0.360456214325125,1.1908527144946435,-0.14575717928442444,0.5470592007486959,-0.6849925493800607,1.0578120748383635,0.4307427627373128,-0.44437419244314186,-0.4741373235154427,-0.19867985355975656,-0.4021998332699218,-0.38069349381344053,-0.11322770341445956,-0.24576957615571213,-0.2153081881723028,-0.5822225097395821,2.554174920362645
-0.25200256432950174,0.20086705150619308,0.23181384787693685,0.3192346303633759,-0.05115567037632569,-0.9508024701316079,-1.259670799147408,0.25413494035669665,0.130033929276447,0.2932648164398551,-0.4810000475366343,-0.4741373235154427,-0.19867985355975656,-0.4021998332699218,2.6267851073127395,-0.11322770341445956,-0.24576957615571213,-0.2153081881723028,-0.5822225097395821,-0.3915158637052229
-0.2300772310893799,0.18684894455478923,-0.11113098668744914,-0.6595290255785455,0.004306358186398869,-1.2057700930493878,0.36271192516322404,-0.802414826062462,-0.0703760939888767,-0.3648517343114995,-1.1857910348029967,2.109093611499728,-0.19867985355975656,-0.4021998332699218,-0.38069349381344053,-0.11322770341445956,-0.24576957615571213,-0.2153081881723028,-0.5822225097395821,-0.3915158637052229
-0.20815189784925806,0.15092754549181656,0.27954392498995445,0.8678785461799959,-0.37109767994753307,0.3161136739279924,-0.534555677783075,1.3791322830056676,0.033791918909321914,0.5674705328153546,0.9092421063158816,2.109093611499728,-0.19867985355975656,-0.4021998332699218,-0.38069349381344053,-0.11322770341445956,-0.24576957615571213,-0.2153081881723028,-0.5822225097395821,-0.3915158637052229
-0.1862265646091362,0.08872219589496226,0.4018304729218453,-0.02149475102891407,0.3217310575300157,0.8790395797746626,1.1097618383390586,-0.5700775099221946,0.3885733519600891,0.25381533220574476,0.2731245973498177,-0.4741373235154427,-0.19867985355975656,-0.4021998332699218,-0.38069349381344053,-0.11322770341445956,-0.24576957615571213,-0.2153081881723028,1.717556403731767,-0.3915158637052229
-0.16430123136901434,0.08609380084157395,1.343566295751833,0.24726563120214592,1.5551318654937387,1.1148347025879202,1.2470720513395779,1.903980608675049,1.4898357117815653,0.9899665179551218,1.69130680187529,-0.4741373235154427,5.033222956847166,-0.4021998332699218,-0.38069349381344053,-0.11322770341445956,-0.24576957615571213,-0.2153081881723028,-0.5822225097395821,-0.3915158637052229
-0.14237589812889248,0.046667875040750706,0.7605028407163812,0.8724088363011995,0.5820290554184688,0.13490691946788866,-1.1917283754135874,0.070354451798262,0.7247262576771325,0.8846646081991689,0.12272754051146992,2.109093611499728,-0.19867985355975656,-0.4021998332699218,-0.38069349381344053,-0.11322770341445956,-0.24576957615571213,-0.2153081881723028,-0.5822225097395821,-0.3915158637052229
-0.12045056488877064,0.020383924506868288,-0.04446316782103962,0.35370903323692304,0.031144133354745095,0.2496090641904305,2.2018293974452634,-1.1986418821131843,-0.016459905691963126,0.12747587194875706,-0.45323114571925516,-0.4741373235154427,-0.19867985355975656,-0.4021998332699218,-0.38069349381344053,-0.11322770341445956,4.068851871911234,-0.2153081881723028,-0.5822225097395821,-0.3915158637052229
-0.09852523164864878,-0.01378521118717831,-0.5324895193660778,-0.2901814700059715,0.47301328185264485,1.1039170289172888,-0.5439789276948753,-0.32603975340076263,-0.1573522684031788,-0.47744339993874113,0.5425984704559095,-0.4741373235154427,-0.19867985355975656,-0.4021998332699218,-0.38069349381344053,-0.11322770341445956,4.068851871911234,-0.2153081881723028,-0.5822225097395821,-0.3915158637052229
-0.07659989840852692,-0.03831689835213544,0.5346435185694858,-0.16473294843834174,0.411948207944638,-1.3345187569457289,-0.9087933171374311,0.11732336247122241,0.5105950487673852,0.27742957493868864,-0.7976682175681028,-0.4741373235154427,-0.19867985355975656,-0.4021998332699218,2.6267851073127395,-0.11322770341445956,-0.24576957615571213,-0.2153081881723028,-0.5822225097395821,-0.3915158637052229
-0.05467456516840507,-0.0786189558374217,-0.9253792260711449,0.589689267436512,0.08372343568909969,0.04097498319191276,0.4989135205270607,-0.8449542843054103,-0.5669861588889498,-0.3453308444279814,-0.4062507848633503,2.109093611499728,-0.19867985355975656,-0.4021998332699218,-0.38069349381344053,-0.11322770341445956,-0.24576957615571213,-0.2153081881723028,-0.5822225097395821,-0.3915158637052229
-0.03274923192828322,-0.09438932615775085,-0.47726895569882793,-0.31942578184528364,-1.909052423671869,-0.5676853239457534,0.27742755411272857,-0.8618363482839477,-1.068600420906401,-0.4542042453155055,-0.8060972987052735,-0.4741373235154427,-0.19867985355975656,-0.4021998332699218,-0.38069349381344053,-0.11322770341445956,-0.24576957615571213,-0.2153081881723028,1.717556403731767,-0.3915158637052229
-0.010823898688161363,-0.10753130142469167,-0.18842484461916542,0.41584398798871114,-0.22813882008709901,0.6886460023478083,1.9217450702348622,0.09216741565171876,-0.21293114154876946,0.060644955705935456,0.48979904851038425,-0.4741373235154427,-0.19867985355975656,-0.4021998332699218,-0.38069349381344053,-0.11322770341445956,-0.24576957615571213,4.644505202002532,-0.5822225097395821,-0.3915158637052229
0.011101434551960492,-0.14345270048766434,0.44234380219191444,-0.19563468349272847,0.0413757813765653,-0.38820942018953003,-1.2614920995505292,0.14398365162544732,0.3033890029652352,0.20325997828852985,-0.17579885082882937,2.109093611499728,-0.19867985355975656,-0.4021998332699218,-0.38069349381344053,-0.11322770341445956,-0.24576957615571213,-0.2153081881723028,-0.5822225097395821,-0.3915158637052229
0.03302676779208235,-0.15922307080799347,-0.6238933635976278,-2.1249489690933054,-0.4693539823792998,-2.047695818125409,0.7872332930385314,-0.32411753819528566,-0.5913130139079461,-1.3497352613335736,-1.4820497038069,-0.4741373235154427,-0.19867985355975656,-0.4021998332699218,-0.38069349381344053,-0.11322770341445956,-0.24576957615571213,4.644505202002532,-0.5822225097395821,-0.3915158637052229
0.0549521010322042,-0.16097533417691876,0.13896665407679734,0.23157535809944207,0.26850212674983104,-0.14648946227452772,-1.0038176859959218,-0.004110493770435245,0.19689645979315823,0.19360553650821025,-0.09625742019938745,-0.4741373235154427,-0.19867985355975656,-0.4021998332699218,2.6267851073127395,-0.11322770341445956,-0.24576957615571213,-0.2153081881723028,-0.5822225097395821,-0.3915158637052229
0.0549521010322042,-0.16097533417691876,0.3191364967766127,-0.3148218284700771,0.3855164505549354,-1.6377504860294068,-0.6009935490099699,-0.0038597700479817,0.3602915669612295,0.06974491941103433,-1.0546054370031748,2.109093611499728,-0.19867985355975656,-0.4021998332699218,-0.38069349381344053,-0.11322770341445956,-0.24576957615571213,-0.2153081881723028,-0.5822225097395821,-0.3915158637052229
0.0988027675124479,-0.20653418176898167,0.10945264393287736,-0.16314918847727092,0.7564948949016512,0.5881900903418218,-1.2309259275677147,-0.9662209913987657,0.3717689351885065,-0.000510714355211126,-0.11662413401305838,-0.4741373235154427,5.033222956847166,-0.4021998332699218,-0.38069349381344053,-0.11322770341445956,-0.24576957615571213,-0.2153081881723028,-0.5822225097395821,-0.3915158637052229
0.12072810075256976,-0.2161716302980719,-0.9350845076530409,-0.2759644619833332,-1.3439974811334814,0.39713080110578275,-0.32771930156776014,-0.15663409159633027,-1.140919140538189,-0.7349821577002427,0.175056303104158,-0.4741373235154427,-0.19867985355975656,-0.4021998332699218,-0.38069349381344053,-0.11322770341445956,-0.24576957615571213,-0.2153081881723028,1.717556403731767,-0.3915158637052229
0.14265343399269162,-0.22055228872038551,0.491019522125732,-0.38734330203633144,0.5629056180443524,-0.5188220771515887,-0.7904087909345614,-1.1444019834890715,0.5423152014630243,0.15027470574755242,-0.9193550538833976,2.109093611499728,-0.19867985355975656,-0.4021998332699218,-0.38069349381344053,-0.11322770341445956,-0.24576957615571213,-0.2153081881723028,-0.5822225097395821,-0.3915158637052229
0.16457876723281348,-0.22142842040484778,0.18512895493427753,0.06848491373612395,0.47950956631094366,-1.5147935148729736,-0.3562266122253073,-0.9799272215595585,0.3107338729278388,0.15164459275692202,-1.4752893240116056,2.109093611499728,-0.19867985355975656,-0.4021998332699218,-0.38069349381344053,-0.11322770341445956,-0.24576957615571213,-0.2153081881723028,-0.5822225097395821,-0.3915158637052229
0.18650410047293534,-0.23982718577856524,0.7808341613635841,0.5462279475745624,0.994461914964703,0.5730118610924079,-0.7927052131819748,-1.1085484911782173,0.9018909782036668,0.7535631597667539,-0.19924624404288774,-0.4741373235154427,-0.19867985355975656,-0.4021998332699218,-0.38069349381344053,-0.11322770341445956,-0.24576957615571213,-0.2153081881723028,-0.5822225097395821,2.554174920362645
0.2084294337130572,-0.24333171251641658,0.6643956677182203,0.3851632426963345,0.3821059012143283,-0.8781067405686275,-0.43580952114429333,-0.6694476785879421,0.582897625827827,0.6059415263284867,-0.9071179107096374,2.109093611499728,-0.19867985355975656,-0.4021998332699218,-0.38069349381344053,-0.11322770341445956,-0.24576957615571213,-0.2153081881723028,-0.5822225097395821,-0.3915158637052229
0.23035476695317902,-0.2652350046279846,-0.35042839102466244,0.16247922584434185,-0.19943336313699186,1.3103542609454963,0.09989035829544815,-0.17242968611090242,-0.30660648307182,-0.15770524868038283,0.7539245198796928,-0.4741373235154427,-0.19867985355975656,-0.4021998332699218,-0.38069349381344053,-0.11322770341445956,4.068851871911234,-0.2153081881723028,-0.5822225097395821,-0.3915158637052229
0.2522801001933009,-0.2792531115793885,-1.636627053999794,-0.14558050239748235,-0.7776432817034341,0.24767849994379448,2.105458850027944,2.1383237145949447,-1.370821641653351,-1.1369950704141973,1.2539359014480946,-0.4741373235154427,-0.19867985355975656,-0.4021998332699218,-0.38069349381344053,-0.11322770341445956,-0.24576957615571213,-0.2153081881723028,1.717556403731767,-0.3915158637052229
0.27420543343342274,-0.3178029056957494,-0.2770913017378727,-1.2894603421878135,-0.0841243140021913,-0.07792114592849311,-1.3111423322790907,-0.48441357141723995,-0.21318942269031146,-0.7525297579631212,-0.298084708138644,-0.4741373235154427,-0.19867985355975656,-0.4021998332699218,2.6267851073127395,-0.11322770341445956,-0.24576957615571213,-0.2153081881723028,-0.5822225097395821,-0.3915158637052229
0.2961307666735446,-0.3230596958025261,0.18010211678160334,0.04152416277091413,0.4270926710880467,-0.6260682496112607,-0.1085297574008414,-0.7534401256098734,0.2866330139076917,0.13641275386702587,-0.7881266688696815,2.109093611499728,-0.19867985355975656,-0.4021998332699218,-0.38069349381344053,-0.11322770341445956,-0.24576957615571213,-0.2153081881723028,-0.5822225097395821,-0.3915158637052229
0.31805609991366646,-0.35460043644318434,-1.8988936247474948,0.12969907781287038,-2.1882302482672524,-0.5874569646785419,-0.11565658506522832,0.10537219836760445,-2.1017734147888407,-1.186979638077508,-0.3236286748335212,-0.4741373235154427,-0.19867985355975656,-0.4021998332699218,-0.38069349381344053,-0.11322770341445956,-0.24576957615571213,-0.2153081881723028,1.717556403731767,-0.3915158637052229
0.3399814331537883,-0.36511401665673765,0.08095893262192573,-0.6876683886078081,0.7429745028728174,-0.47455224184079936,-0.7489148165330203,-0.6626781380816968,0.347910214738555,-0.2514283515714259,-0.6442760557571564,2.109093611499728,-0.19867985355975656,-0.4021998332699218,-0.38069349381344053,-0.11322770341445956,-0.24576957615571213,-0.2153081881723028,-0.5822225097395821,-0.3915158637052229
0.3619067663939102,-0.37387533350136487,-0.034608574214806447,-0.264767647374831,0.6518641133451791,-2.237889682009507,0.08539914204452834,-1.1796704537808675,0.23672018330468075,-0.1399130257372599,-2.042305482538429,2.109093611499728,-0.19867985355975656,-0.4021998332699218,-0.38069349381344053,-0.11322770341445956,-0.24576957615571213,-0.2153081881723028,-0.5822225097395821,-0.3915158637052229
0.38383209963403203,-0.41855804940896474,-1.1713210154913485,0.18409939089431138,-2.2499043488432253,-0.7385735453634923,-0.5813551794458818,-0.15362540692688784,-1.654333622209845,-0.6860902380086913,-0.5533532262318394,-0.4741373235154427,-0.19867985355975656,-0.4021998332699218,-0.38069349381344053,-0.11322770341445956,-0.24576957615571213,-0.2153081881723028,1.717556403731767,-0.3915158637052229
0.4057574328741539,-0.42994776130698026,0.12251744606235286,0.666556872988962,0.15424872383950416,0.9859528963297418,-0.1619809648837425,-0.00904139364535465,0.14080102436448325,0.3754254206446706,0.6290714297362229,-0.4741373235154427,-0.19867985355975656,2.486326242032244,-0.38069349381344053,-0.11322770341445956,-0.24576957615571213,-0.2153081881723028,-0.5822225097395821,-0.3915158637052229
0.42768276611427575,-0.43783294646714443,-0.6357636695324086,-0.9318989072557682,-0.32956206119228637,1.1137029925123059,1.4619854989078644,0.8279579664786665,-0.5434341472945796,-0.8292597386665067,1.1396940403504026,-0.4741373235154427,-0.19867985355975656,-0.4021998332699218,-0.38069349381344053,-0.11322770341445956,4.068851871911234,-0.2153081881723028,-0.5822225097395821,-0.3915158637052229
0.4496080993543976,-0.4395852098360705,-0.044662250520155364,1.1401379329762134,-0.11197713361714658,0.05089408914876628,0.7523118374830358,-0.9758320674261509,-0.0734916102587279,0.47555763775812143,-0.4668802669515264,-0.4741373235154427,5.033222956847166,-0.4021998332699218,-0.38069349381344053,-0.11322770341445956,-0.24576957615571213,-0.2153081881723028,-0.5822225097395821,-0.3915158637052229
0.47153343259451946,-0.4457181316273094,-0.3336556736241546,0.3012607963865694,-2.2517720306249855,-0.812400985002087,-0.4331963510006849,-0.9429036852105878,-1.111701086401239,-0.08526431897061923,-1.0048866944580366,-0.4741373235154427,-0.19867985355975656,-0.4021998332699218,-0.38069349381344053,-0.11322770341445956,-0.24576957615571213,-0.2153081881723028,1.717556403731767,-0.3915158637052229
0.49345876583464127,-0.4544794484719366,0.7662762389907402,-0.22730988271415006,1.022639548802573,-2.340808727709478,-1.8790713101566703,-1.0818882020239924,0.9036505184804224,0.4015185065374266,-2.0583934749626733,-0.4741373235154427,-0.19867985355975656,-0.4021998332699218,-0.38069349381344053,-0.11322770341445956,-0.24576957615571213,-0.2153081881723028,-0.5822225097395821,2.554174920362645
0.5153840990747631,-0.47024981879226574,0.44669873623507333,-0.7036164830995241,0.8494323644331863,-0.5955120775696779,-0.14851917929545627,-0.8157031833524989,0.627483407886532,-0.018808490837506263,-0.8003638120434416,-0.4741373235154427,-0.19867985355975656,-0.4021998332699218,2.6267851073127395,-0.11322770341445956,-0.24576957615571213,-0.2153081881723028,-0.5822225097395821,-0.3915158637052229
0.537309432314885,-0.5044189544863131,0.6838560015567914,0.7775305651449418,0.5229128668479512,-0.7156064879466165,-0.865478042332769,-0.9681432066042428,0.6515035540499473,0.7924255495682769,-0.9555958240518414,2.109093611499728,-0.19867985355975656,-0.4021998332699218,-0.38069349381344053,-0.11322770341445956,-0.24576957615571213,-0.2153081881723028,-0.5822225097395821,-0.3915158637052229
0.5592347655550068,-0.5149325346998657,-0.6241671023089123,-0.13836150350515852,0.2632644974053282,-0.18064047808570832,-0.05563285873628163,-0.6282454135314126,-0.30021402481865267,-0.47030041767559944,-0.43774217428953077,-0.4741373235154427,-0.19867985355975656,2.486326242032244,-0.38069349381344053,-0.11322770341445956,-0.24576957615571213,-0.2153081881723028,-0.5822225097395821,-0.3915158637052229
0.5811600987951288,-0.5166847980687916,-1.1339432387323536,-0.49875897371633116,-0.22927566986730105,0.28988462864611114,-0.059829768360864996,0.06099409949333027,-0.8267201318522241,-0.9639489864091764,0.2175440065011649,2.109093611499728,-0.19867985355975656,-0.4021998332699218,-0.38069349381344053,-0.11322770341445956,-0.24576957615571213,-0.2153081881723028,-0.5822225097395821,-0.3915158637052229
0.6030854320352506,-0.5578629872385402,0.08708072561973718,-1.4244850867758727,0.43716191199840926,-1.1046484692342158,-1.3698198800492087,-0.6672747396600116,0.23029543990882084,-0.573661654168279,-1.051610332030576,-0.4741373235154427,-0.19867985355975656,-0.4021998332699218,2.6267851073127395,-0.11322770341445956,-0.24576957615571213,-0.2153081881723028,-0.5822225097395821,-0.3915158637052229
0.6250107652753725,-0.578890147665646,-0.6158305142834372,-0.24112174283976998,0.12136128376936736,-1.2224128882790077,-0.9881386651342708,-0.12011200269226664,-0.3512245502732176,-0.510336996342297,-0.8471730240437693,-0.4741373235154427,-0.19867985355975656,-0.4021998332699218,2.6267851073127395,-0.11322770341445956,-0.24576957615571213,-0.2153081881723028,-0.5822225097395821,-0.3915158637052229
0.6469360985154943,-0.5972889130393635,-1.1163741905353828,-2.062519361325504,-0.11619971851504085,-0.1359046445084895,-0.19856534689426156,-0.14819305960706156,-0.7703664152820073,-1.6448317546019604,-0.16321940994391518,-0.4741373235154427,-0.19867985355975656,-0.4021998332699218,-0.38069349381344053,-0.11322770341445956,-0.24576957615571213,4.644505202002532,-0.5822225097395821,-0.3915158637052229
0.6688614317556161,-0.6042979665150654,0.4047918280711931,-1.6448118794997597,0.2752420218753159,-0.8540079730761374,1.1368437834637284,-0.7086441538648434,0.3720110737587017,-0.4630106618043108,-0.9116961425963238,-0.4741373235154427,-0.19867985355975656,-0.4021998332699218,2.6267851073127395,-0.11322770341445956,-0.24576957615571213,-0.2153081881723028,-0.5822225097395821,-0.3915158637052229
0.690786764995738,-0.608678624937379,-0.11712835299831321,0.7798509576460456,0.17718872833287136,-1.180872471385876,-0.6694902815621319,-0.9511775680515542,-0.005531384890462745,0.26854161755646905,-1.2459498575383356,2.109093611499728,-0.19867985355975656,-0.4021998332699218,-0.38069349381344053,-0.11322770341445956,-0.24576957615571213,-0.2153081881723028,-0.5822225097395821,-0.3915158637052229
0.7127120982358598,-0.6121831516752303,0.3467841066163218,-0.6340783713204035,-0.11323578873094206,-2.8533402496008584,-0.4598823612551111,-0.04631565371677878,0.1799306173081115,-0.05349598689618856,-1.8576358673707736,-0.4741373235154427,-0.19867985355975656,-0.4021998332699218,2.6267851073127395,-0.11322770341445956,-0.24576957615571213,-0.2153081881723028,-0.5822225097395821,-0.3915158637052229
0.7346374314759817,-0.6428477606314256,0.1850294135847198,0.7131857127730541,-1.4347830564382047,-0.6427110448408808,-0.9309656698710789,-0.45616536535414265,-0.45042065119673047,0.43703771970894084,-0.646629352521341,-0.4741373235154427,-0.19867985355975656,-0.4021998332699218,-0.38069349381344053,-0.11322770341445956,-0.24576957615571213,-0.2153081881723028,1.717556403731767,-0.3915158637052229
0.7565627647161035,-0.6507329457915906,-0.7479467704841721,-1.1473270935884352,-0.9295345326940289,-0.03458330715056228,-0.05088164029335718,-0.8346746116848157,-0.854743635709542,-0.9981635452860527,-0.4495514453243483,-0.4741373235154427,-0.19867985355975656,-0.4021998332699218,-0.38069349381344053,-0.11322770341445956,-0.24576957615571213,-0.2153081881723028,1.717556403731767,-0.3915158637052229
0.7784880979562254,-0.6708839745342333,-1.4312483645244383,0.1536396353639445,-1.1998205679371163,-1.1317429398680374,-0.3755482338932004,-0.5234428975458388,-1.4054474571913387,-0.8699160281231569,-0.9953879329735095,-0.4741373235154427,-0.19867985355975656,-0.4021998332699218,-0.38069349381344053,-0.11322770341445956,-0.24576957615571213,-0.2153081881723028,1.717556403731767,-0.3915158637052229
0.8004134311963472,-0.7050531102282807,-1.9284574055661938,-0.7416635537922311,-1.1703436772075864,-0.9539978868156949,0.05008175161878933,-0.6778051360030597,-1.716256525894564,-1.5921726456346421,-0.960174055938528,-0.4741373235154427,-0.19867985355975656,-0.4021998332699218,-0.38069349381344053,-0.11322770341445956,-0.24576957615571213,-0.2153081881723028,1.717556403731767,-0.3915158637052229
0.8223387644364691,-0.7103099003350565,-0.5005616314953787,-2.2441729456976556,-0.46679607037384463,-0.2047392455781983,0.21740382778378164,-0.4889265984214034,-0.5102934483204586,-1.3217015021775438,-0.3819048601575126,-0.4741373235154427,-0.19867985355975656,-0.4021998332699218,-0.38069349381344053,-0.11322770341445956,-0.24576957615571213,4.644505202002532,-0.5822225097395821,-0.3915158637052229
0.8442640976765909,-0.7234518756019981,-0.8089407324257807,0.08469082961685104,-1.0616527178646773,-2.1822361747616577,-0.36960921083954473,0.026561374943046157,-0.9468370052406471,-0.49262631429258874,-1.3889875135868694,-0.4741373235154427,-0.19867985355975656,-0.4021998332699218,-0.38069349381344053,-0.11322770341445956,-0.24576957615571213,-0.2153081881723028,1.717556403731767,-0.3915158637052229
0.8661894309167129,-0.7514880895048058,-1.441874403589745,-0.9135199253819433,-0.9817078172497399,-1.2273391556669753,1.7783374602325899,0.23675142893325218,-1.3256224418834834,-1.349392789581231,-0.6676378745434259,-0.4741373235154427,-0.19867985355975656,2.486326242032244,-0.38069349381344053,-0.11322770341445956,-0.24576957615571213,-0.2153081881723028,-0.5822225097395821,-0.3915158637052229
0.8881147641568347,-0.752364221189268,-2.1056410077792718,0.03739902054672898,-2.160824048208805,-1.3484987049386097,0.08745800336979571,-0.5613857542104724,-2.224989661875769,-1.3633362823551722,-1.1541284965212393,-0.4741373235154427,-0.19867985355975656,-0.4021998332699218,-0.38069349381344053,-0.11322770341445956,-0.24576957615571213,-0.2153081881723028,1.717556403731767,-0.3915158637052229
0.9100400973969566,-0.7549926162426563,-1.2098435177702593,-0.46612615219286685,-0.2497795676888061,-0.3048623016795928,0.6783512037215108,-0.7049668726021916,-0.8841069729886095,-0.9992398850791286,-0.5568617777711694,-0.4741373235154427,-0.19867985355975656,-0.4021998332699218,-0.38069349381344053,-0.11322770341445956,-0.24576957615571213,4.644505202002532,-0.5822225097395821,-0.3915158637052229
0.9319654306370784,-0.7567448796115824,-1.6310029677497724,-1.4253322141969105,-0.7702537581321194,0.03917756130711384,0.047151833578985794,0.05898830971370214,-1.3642354725440273,-1.6999533985504072,0.055380465841894114,-0.4741373235154427,-0.19867985355975656,-0.4021998332699218,-0.38069349381344053,-0.11322770341445956,-0.24576957615571213,-0.2153081881723028,1.717556403731767,-0.3915158637052229
0.9538907638772003,-0.761125538033896,-1.2838276258291752,-0.13014805068379012,-2.5589650819467824,-0.13457322089012003,-0.17750161179729612,-0.46435567362095787,-1.850191440355489,-0.8989608943575311,-0.32422769582804106,-0.4741373235154427,-0.19867985355975656,-0.4021998332699218,-0.38069349381344053,-0.11322770341445956,-0.24576957615571213,-0.2153081881723028,1.717556403731767,-0.3915158637052229
0.9758160971173221,-0.8233308876307504,-0.9756724929352784,-0.4492204353991083,-1.102416902840501,-1.240187393584242,-0.1448765784892142,0.2606537571404881,-1.0711993748931683,-0.8382944696568733,-0.6636586636512591,-0.4741373235154427,-0.19867985355975656,-0.4021998332699218,-0.38069349381344053,-0.11322770341445956,-0.24576957615571213,-0.2153081881723028,1.717556403731767,-0.3915158637052229
0.9977414303574439,-0.8382251262666173,-1.1980478678476472,0.028412103558325297,-0.8766304161367595,-0.04303784712720924,1.0937660695812126,-0.7106499436444715,-1.1256805531872052,-0.7725398932071285,-0.39148919606982824,-0.4741373235154427,-0.19867985355975656,-0.4021998332699218,-0.38069349381344053,-0.11322770341445956,-0.24576957615571213,-0.2153081881723028,1.717556403731767,-0.3915158637052229
1.0196667635975658,-0.882031710489754,-1.010064029207536,-1.4694933349718924,-1.0854859614710604,0.21386034003720625,-0.44634138869277606,1.1502215244055987,-1.0867769562424263,-1.3125852302937622,0.726326766917891,-0.4741373235154427,-0.19867985355975656,-0.4021998332699218,-0.38069349381344053,-0.11322770341445956,-0.24576957615571213,-0.2153081881723028,1.717556403731767,-0.3915158637052229
1.0415920968376877,-0.8986782124945463,-0.19392450418224003,-0.7879609089333091,0.4045586843733231,-1.5321020219117785,-1.2570576290037996,-0.8727010429236005,0.03505103947433966,-0.47597566385727413,-1.4315180041977706,2.109093611499728,-0.19867985355975656,-0.4021998332699218,-0.38069349381344053,-0.11322770341445956,-0.24576957615571213,-0.2153081881723028,-0.5822225097395821,-0.3915158637052229
1.0635174300778094,-0.9144485828148754,0.36684168855224064,0.41838537025182543,-2.365050990866568,0.44160034995932773,-1.0506963746327773,-0.15613264415142317,-0.7023416196283566,0.4256546109882261,0.20389488526889368,-0.4741373235154427,-0.19867985355975656,-0.4021998332699218,-0.38069349381344053,-0.11322770341445956,-0.24576957615571213,-0.2153081881723028,1.717556403731767,-0.3915158637052229
1.0854427633179313,-0.9363518749264435,-1.4310492818253226,-1.038636962306558,-0.6000917071025598,0.07692342088789227,4.423261580434631,0.3921165622802871,-1.1668763952631702,-1.3976976148401956,0.2501906507024906,-0.4741373235154427,-0.19867985355975656,-0.4021998332699218,-0.38069349381344053,-0.11322770341445956,4.068851871911234,-0.2153081881723028,-0.5822225097395821,-0.3915158637052229
1.1073680965580532,-0.9451131917710714,-0.2593978268539545,-2.2298822744210143,0.4019601705900038,-0.15208144147168012,-1.439821165108297,2.0048551196755175,-0.008453190304157898,-1.1573313692318639,0.9286675014238788,2.109093611499728,-0.19867985355975656,-0.4021998332699218,-0.38069349381344053,-0.11322770341445956,-0.24576957615571213,-0.2153081881723028,-0.5822225097395821,-0.3915158637052229
1.1292934297981752,-0.9494938501933851,-2.0657249266065505,-2.1351513297727633,-1.642907769770947,0.012815373663395484,0.7442347661300643,-0.6155420782604341,-1.9931823373417343,-2.2991321915414993,-0.30689887420086276,-0.4741373235154427,-0.19867985355975656,-0.4021998332699218,-0.38069349381344053,-0.11322770341445956,-0.24576957615571213,-0.2153081881723028,1.717556403731767,-0.3915158637052229
1.1512187630382968,-0.9678926155671025,-0.0271180876605739,0.10314347474467894,0.31588440151754693,0.7232630164254179,1.3539744663053797,-0.43151086597954597,0.10799931938863633,0.02789813291052692,0.24394371747392754,-0.4741373235154427,-0.19867985355975656,-0.4021998332699218,-0.38069349381344053,-0.11322770341445956,-0.24576957615571213,4.644505202002532,-0.5822225097395821,-0.3915158637052229
1.1731440962784188,-0.9845391175718947,-1.054235503073858,-0.3807504408030357,-1.6088022763648793,0.4292181103084902,-0.2463942792197018,-0.7150793960744839,-1.3234916224657611,-0.8594624855873719,-0.09022442304029621,-0.4741373235154427,-0.19867985355975656,-0.4021998332699218,-0.38069349381344053,-0.11322770341445956,-0.24576957615571213,-0.2153081881723028,1.717556403731767,-0.3915158637052229
1.1950694295185407,-1.0143275948436277,0.4131533014340576,0.42391011430207276,0.5531205895790399,-0.8171275388472994,-0.9350833925216135,-1.1257648534533593,0.4879147360257193,0.4584503583196828,-1.1015430106451856,2.109093611499728,-0.19867985355975656,-0.4021998332699218,-0.38069349381344053,-0.11322770341445956,-0.24576957615571213,-0.2153081881723028,-0.5822225097395821,-0.3915158637052229
1.2169947627586626,-1.0353547552707334,0.0887480432248323,-0.8988609378352855,-0.05334816638100142,-1.7024576738821695,-0.9849711861723212,-0.6701162751811515,0.0363585877533965,-0.3398349882118195,-1.4372942780734967,-0.4741373235154427,-0.19867985355975656,-0.4021998332699218,2.6267851073127395,-0.11322770341445956,-0.24576957615571213,-0.2153081881723028,-0.5822225097395821,-0.3915158637052229
1.2389200959987843,-1.137862162352874,-0.7456822047817294,-1.1422074974352054,-0.9322954535888058,-0.48533677314959284,-1.1560150501176045,-0.5422471767298532,-0.8543723565685752,-0.994412664188969,-0.5895512091863891,-0.4741373235154427,-0.19867985355975656,-0.4021998332699218,2.6267851073127395,-0.11322770341445956,-0.24576957615571213,-0.2153081881723028,-0.5822225097395821,-0.3915158637052229
1.2608454292389062,-1.1764119564692341,-0.21987991107946464,-0.4811902876365426,-1.881605621835557,-2.1620651069433583,-0.9015873024989955,-0.6034237650085136,-0.8907254272406258,-0.35715427397313604,-1.6985530061118899,-0.4741373235154427,-0.19867985355975656,-0.4021998332699218,-0.38069349381344053,-0.11322770341445956,-0.24576957615571213,-0.2153081881723028,1.717556403731767,-0.3915158637052229
1.282770762479028,-1.2097049604788186,-1.456780720686042,0.16284754211435834,-1.7232586881645282,-0.2665838726514663,-0.3905145719884127,-0.16632874219786656,-1.6301197651902732,-0.8825711747811437,-0.2564955362334165,-0.4741373235154427,-0.19867985355975656,-0.4021998332699218,-0.38069349381344053,-0.11322770341445956,-0.24576957615571213,-0.2153081881723028,1.717556403731767,-0.3915158637052229
1.30469609571915,-1.2149617505855952,-0.4167727005050086,-1.2086149209191854,-1.2982392774803404,-0.09289966163515138,-0.8981030756408509,-0.2219894085825493,-0.7865089866283883,-0.808271112701521,-0.17335997963685634,-0.4741373235154427,-0.19867985355975656,-0.4021998332699218,-0.38069349381344053,-0.11322770341445956,-0.24576957615571213,-0.2153081881723028,1.717556403731767,-0.3915158637052229
1.3266214289592717,-1.2438740961728656,-1.5107321321464289,-0.7304299075567271,-1.0845115188023158,-1.3277284964920437,-0.497971295772556,0.46449214349520496,-1.4111619274479579,-1.3134495637639596,-0.6155658352341032,-0.4741373235154427,-0.19867985355975656,-0.4021998332699218,-0.38069349381344053,-0.11322770341445956,-0.24576957615571213,-0.2153081881723028,1.717556403731767,-0.3915158637052229
1.3485467621993936,-1.2657773882844339,-1.580510618186523,0.5228030328015106,-1.1841482816814706,0.19076014025849375,0.4225772775440728,-0.5913054517565932,-1.4960395675872304,-0.8042756089241929,-0.1801203594321506,-0.4741373235154427,-0.19867985355975656,-0.4021998332699218,-0.38069349381344053,-0.11322770341445956,-0.24576957615571213,-0.2153081881723028,1.717556403731767,-0.3915158637052229
1.3704720954395155,-1.2894329437649281,-1.1973759637381312,-0.05471687858440499,-0.791163673732268,-0.40538478486649815,-0.22857721005873477,-0.3033074692316429,-1.09126459107672,-0.808907131670157,-0.41583512077566614,-0.4741373235154427,-0.19867985355975656,-0.4021998332699218,-0.38069349381344053,-0.11322770341445956,-0.24576957615571213,-0.2153081881723028,1.717556403731767,-0.3915158637052229
1.3923974286796372,-1.29644199724063,0.5328020036026645,-0.3158899456531251,-0.7979847724134818,-0.7287875817684759,-1.3388577731961504,-0.2717162802024987,0.028351872365591273,0.20929400440123008,-0.6075218390219813,-0.4741373235154427,-0.19867985355975656,-0.4021998332699218,-0.38069349381344053,-0.11322770341445956,-0.24576957615571213,-0.2153081881723028,1.717556403731767,-0.3915158637052229
1.4143227619197591,-1.3411247131482296,-1.9329367662962997,-0.8043878145760462,-1.3528080669300488,0.3215725107633077,-0.3438734442737037,0.10838088303704675,-1.7917069043675495,-1.6228809460946796,0.26217107059288536,-0.4741373235154427,-0.19867985355975656,-0.4021998332699218,-0.38069349381344053,-0.11322770341445956,-0.24576957615571213,-0.2153081881723028,1.717556403731767,-0.3915158637052229
1.436248095159881,-1.3639041369442608,-0.9599698450425181,-1.3395145232830594,-0.07762802954389249,1.556734201524793,1.3168357754765199,-0.5929769432396166,-0.6535749115909387,-1.2222053040327283,0.6969747381864245,-0.4741373235154427,-0.19867985355975656,-0.4021998332699218,-0.38069349381344053,-0.11322770341445956,4.068851871911234,-0.2153081881723028,-0.5822225097395821,-0.3915158637052229
1.458173428400003,-1.3971971409538448,-1.3959111854313806,0.04285010134297332,-1.0073681408600195,-0.6646129633630605,0.8431392967169435,-0.7183388044663798,-1.3060092176976301,-0.8958134158717175,-0.7949298358788696,-0.4741373235154427,-0.19867985355975656,-0.4021998332699218,-0.38069349381344053,-0.11322770341445956,-0.24576957615571213,-0.2153081881723028,1.717556403731767,-0.3915158637052229
1.4800987616401247,-1.484810309400119,-1.5874287419807978,-1.189793959521341,-0.6620094183457185,-1.5762387148607309,-0.18977559277485115,-0.5196820417090359,-1.2929337349070613,-1.5671069749989135,-1.279152735520287,-0.4741373235154427,-0.19867985355975656,-0.4021998332699218,-0.38069349381344053,-0.11322770341445956,-0.24576957615571213,-0.2153081881723028,1.717556403731767,-0.3915158637052229
1.5020240948802466,-1.4874387044535073,-1.9102911092718755,-3.65018347485875,-2.2869737720333916,0.40059250251354384,0.00835021629510217,-0.5058922369740919,-2.148425445979883,-2.868091929433043,-0.0015265286374810789,-0.4741373235154427,-0.19867985355975656,-0.4021998332699218,-0.38069349381344053,-0.11322770341445956,-0.24576957615571213,-0.2153081881723028,1.717556403731767,-0.3915158637052229
1.5239494281203685,-1.4970761529825976,-1.2547366664208763,-0.8486962618590346,-1.9495323962026423,-1.2888509268356512,-0.42313960529649464,-0.7582874509106415,-1.5890207785423867,-1.1980528914032464,-1.2165978288068688,-0.4741373235154427,-0.19867985355975656,-0.4021998332699218,-0.38069349381344053,-0.11322770341445956,-0.24576957615571213,-0.2153081881723028,1.717556403731767,-0.3915158637052229
1.5458747613604904,-1.5067136015116873,-1.6722130864667466,-1.9384336099569357,-1.5841569972012086,-0.34194244945118646,0.3901898051581374,-0.18413012649206695,-1.7145615559031935,-1.9541489796818996,-0.3140443389212056,-0.4741373235154427,-0.19867985355975656,-0.4021998332699218,-0.38069349381344053,-0.11322770341445956,-0.24576957615571213,-0.2153081881723028,1.717556403731767,-0.3915158637052229
1.567800094600612,-1.5075897331961503,-0.9476267176973375,-0.809912558626294,-1.942427085076378,0.26658471532464295,-0.2822659784637821,0.29918163582417995,-1.3869803555710787,-0.9796211461235131,0.3245120412368319,-0.4741373235154427,-0.19867985355975656,-0.4021998332699218,-0.38069349381344053,-0.11322770341445956,-0.24576957615571213,-0.2153081881723028,1.717556403731767,-0.3915158637052229
1.589725427840734,-1.5671666877396164,-1.463300679082085,-0.512570833841951,-1.457641857375843,-0.22424460158731296,-0.1569921855186718,-0.12621294660530252,-1.5287444171349989,-1.185903298284432,-0.20874500552741496,-0.4741373235154427,-0.19867985355975656,-0.4021998332699218,-0.38069349381344053,-0.11322770341445956,-0.24576957615571213,-0.2153081881723028,1.717556403731767,-0.3915158637052229
1.611650761080856,-1.5776802679531692,-1.3097581473890105,-2.5347376511136943,-1.3273101504312268,-1.2946426195755592,1.0120451123629104,-0.38638059593791124,-1.3773270979059427,-1.9806497700417296,-1.0299172145861828,-0.4741373235154427,-0.19867985355975656,-0.4021998332699218,-0.38069349381344053,-0.11322770341445956,-0.24576957615571213,4.644505202002532,-0.5822225097395821,-0.3915158637052229
1.6335760943209778,-1.674054753244071,-1.5529874350337614,-0.8005204937408723,-0.8186104755685798,1.0877402319540985,-0.08722846138172975,3.4139224398643333,-1.3328543138466624,-1.3721753152013434,2.446928999248041,-0.4741373235154427,-0.19867985355975656,-0.4021998332699218,-0.38069349381344053,-0.11322770341445956,-0.24576957615571213,-0.2153081881723028,1.717556403731767,-0.3915158637052229
1.6555014275610995,-1.7835712138019135,-1.3923028115099065,-2.3468595217782635,-1.2633623502948497,0.37203346589951564,-0.433117164026636,-0.5292095431622699,-1.4054474571913387,-1.9515559792713066,-0.03181987607462185,-0.4741373235154427,-0.19867985355975656,-0.4021998332699218,-0.38069349381344053,-0.11322770341445956,-0.24576957615571213,-0.2153081881723028,1.717556403731767,-0.3915158637052229
1.6774267608012214,-2.076199196412469,-0.4552454321091405,-1.9010863401772597,0.3721990674154229,-1.8092378480754123,1.856890938488942,0.38141901678893664,-0.147327731597076,-1.140093624363962,-0.9675762439422362,-0.4741373235154427,-0.19867985355975656,-0.4021998332699218,2.6267851073127395,-0.11322770341445956,-0.24576957615571213,-0.2153081881723028,-0.5822225097395821,-0.3915158637052229
1.6993520940413434,-2.164688496543205,-2.067566441573372,-2.1184666027410146,-1.6496476648964318,-2.064471755716866,-0.3169498730971312,-0.3577145170040581,-1.9970565544648657,-2.2929513918206528,-1.5100325416937503,-0.4741373235154427,-0.19867985355975656,-0.4021998332699218,-0.38069349381344053,-0.11322770341445956,-0.24576957615571213,-0.2153081881723028,1.717556403731767,-0.3915158637052229
1.721277427281465,-2.222513187717746,-1.5863337871356606,-3.1347248549706186,-1.404128714150608,-0.4266209915794932,-0.5581533960496001,-0.3018031268969218,-1.5872773808369773,-2.4275590986699074,-0.42871407215784024,-0.4741373235154427,-0.19867985355975656,-0.4021998332699218,-0.38069349381344053,-0.11322770341445956,-0.24576957615571213,-0.2153081881723028,1.717556403731767,-0.3915158637052229
